Title,Category,URL,Source
"Casa Son Parc","inmobiliaria","https://www.vivla.com/es/listings/casa-son-parc","suntzu"
"Casa Tarida","inmobiliaria","https://www.vivla.com/es/listings/casa-tarida","suntzu"
"Casa Son Parc III","inmobiliaria","https://www.vivla.com/es/listings/casa-son-parc-iii","suntzu"
"Casa Abanillas","inmobiliaria","https://www.vivla.com/es/listings/casa-abanillas","suntzu"
"Casa Lábara","inmobiliaria","https://www.vivla.com/es/listings/casa-lamedra","suntzu"
"Casa Hermosilla","inmobiliaria","https://www.vivla.com/es/listings/casa-recoletos","suntzu"
"Casa Nara","inmobiliaria","https://www.vivla.com/es/listings/casa-nara","suntzu"
"Casa Abaña","inmobiliaria","https://www.vivla.com/es/listings/casa-abana","suntzu"
"Casa Mareta","inmobiliaria","https://www.vivla.com/es/listings/casa-mareta","suntzu"
"Casa Luma","inmobiliaria","https://www.vivla.com/es/listings/casa-luma","suntzu"
"Casa Wave Poolside","inmobiliaria","https://www.vivla.com/es/listings/casa-wave-poolside","suntzu"
"Casa Wave Seaside","inmobiliaria","https://www.vivla.com/es/listings/casa-wave-seaside","suntzu"
"Casa Solaz","inmobiliaria","https://www.vivla.com/es/listings/casa-solaz","suntzu"
"Casa Lumio","inmobiliaria","https://www.vivla.com/es/listings/casa-lumio","suntzu"
"Casa Gessóla","inmobiliaria","https://www.vivla.com/es/listings/casa-gessola","suntzu"
"Casa Ostau","inmobiliaria","https://www.vivla.com/es/listings/casa-ostau","suntzu"
"Casa Atlas","inmobiliaria","https://www.vivla.com/es/listings/casa-atlas","suntzu"
"Casa Arties","inmobiliaria","https://www.vivla.com/es/listings/casa-arties","suntzu"
"Casa Salaró Terrassa","inmobiliaria","https://www.vivla.com/es/listings/casa-salaro-terrassa","suntzu"
"Casa Capdera","inmobiliaria","https://www.vivla.com/es/listings/casa-capdera","suntzu"
"Casa Salaró Penthouse","inmobiliaria","https://www.vivla.com/es/listings/casa-salaro-penthouse","suntzu"
"Casa Bruisha","inmobiliaria","https://www.vivla.com/es/listings/casa-bruisha","suntzu"
"Casa Bini","inmobiliaria","https://www.vivla.com/es/listings/casa-bini","suntzu"
"Casa Tosalet","inmobiliaria","https://www.vivla.com/es/listings/casa-tosalet","suntzu"
"Casa Naut","inmobiliaria","https://www.vivla.com/es/listings/casa-naut","suntzu"
"Casa Capdera Duplex","inmobiliaria","https://www.vivla.com/es/listings/casa-capdera-duplex","suntzu"
"Casa Valderrama","inmobiliaria","https://www.vivla.com/es/listings/casa-valderrama","suntzu"
"Casa Onada","inmobiliaria","https://www.vivla.com/es/listings/casa-onada","suntzu"
"Casa Tarida III","inmobiliaria","https://www.vivla.com/es/listings/casa-tarida-iii","suntzu"
"Casa Aranyó","inmobiliaria","https://www.vivla.com/es/listings/casa-aranyo","suntzu"
"Casa Aranèla","inmobiliaria","https://www.vivla.com/es/listings/casa-aranela","suntzu"
"Casa Baqueira 1500","inmobiliaria","https://www.vivla.com/es/listings/casa-baqueira-1500","suntzu"
"Casa Arsola","inmobiliaria","https://www.vivla.com/es/listings/casa-arsola","suntzu"
"Casa Coves","inmobiliaria","https://www.vivla.com/es/listings/casa-coves","suntzu"
"Casa Neret","inmobiliaria","https://www.vivla.com/es/listings/casa-neret","suntzu"
"Casa Son Parc II","inmobiliaria","https://www.vivla.com/es/listings/casa-son-parc-ii","suntzu"
"Casa Tarida II","inmobiliaria","https://www.vivla.com/es/listings/casa-tarida-ii","suntzu"
"Casa Muntanyó","inmobiliaria","https://www.vivla.com/es/listings/casa-muntanyo","suntzu"
"Casa Fir","inmobiliaria","https://www.vivla.com/es/listings/casa-fir","suntzu"
"Casa Nin","inmobiliaria","https://www.vivla.com/es/listings/casa-nin","suntzu"
"Casa Ribes","inmobiliaria","https://www.vivla.com/es/listings/casa-ribes","suntzu"
"Casa Ruda","inmobiliaria","https://www.vivla.com/es/listings/casa-ruda","suntzu"
"Casa Gades","inmobiliaria","https://www.vivla.com/es/listings/casa-gades","suntzu"
"Casa Saona","inmobiliaria","https://www.vivla.com/es/listings/casa-saona","suntzu"
"Casa Deveses","inmobiliaria","https://www.vivla.com/es/listings/casa-deveses","suntzu"
"Casa Nheu","inmobiliaria","https://www.vivla.com/es/listings/casa-nheu","suntzu"
"Casa Oyambre","inmobiliaria","https://www.vivla.com/es/listings/casa-oyambre","suntzu"
"Casa Garona","inmobiliaria","https://www.vivla.com/es/listings/casa-garona","suntzu"
"Casa Salaró","inmobiliaria","https://www.vivla.com/es/listings/casa-salaro","suntzu"
"Casa Tuna","inmobiliaria","https://www.vivla.com/es/listings/casa-tuna","suntzu"
"Casa Sidonia","inmobiliaria","https://www.vivla.com/es/listings/casa-sidonia","suntzu"
"Casa Tanau","inmobiliaria","https://www.vivla.com/es/listings/casa-tanau","suntzu"
"Casa Pinere","inmobiliaria","https://www.vivla.com/es/listings/casa-pinere","suntzu"
"Casa Arnica","inmobiliaria","https://www.vivla.com/es/listings/casa-arnica","suntzu"
"Casa Artiga","inmobiliaria","https://www.vivla.com/es/listings/casa-artiga","suntzu"
"Casa Numa","inmobiliaria","https://www.vivla.com/es/listings/casa-numa","suntzu"
"Casa Taula","inmobiliaria","https://www.vivla.com/es/listings/casa-taula","suntzu"
"Casa Solera","inmobiliaria","https://www.vivla.com/es/listings/casa-solera","suntzu"
